<?xml version="1.0" encoding="utf-8"?>
<rss version="2.0" xmlns:atom="https://www.w3.org/2005/Atom">
  <channel>
    <title>Économie : Toute l'actualité sur Le Monde.fr.</title>
    <description>Économie - Découvrez gratuitement tous les articles, les vidéos et les infographies de la rubrique Économie sur Le Monde.fr.</description>
    <copyright>Le Monde - L'utilisation des flux RSS du Monde.fr est réservée à un usage strictement personnel, non professionnel et non collectif. Toute autre exploitation doit faire l'objet d'une autorisation et donner lieu au versement d'une rémunération. Contact : droitsdauteur@lemonde.fr</copyright>
    <link>https://www.lemonde.fr/economie/rss_full.xml</link>
    <atom:link href="https://www.lemonde.fr/economie/rss_full.xml" rel="self" type="application/rss+xml"/>
    <pubDate>Tue, 22 Jan 2019 09:16:44 +0100</pubDate>
    <image>
      <url>https://www.lemonde.fr/medias/web/img/export/logo_lmfr_90x20_export.png</url>
      <title>Économie : Toute l'actualité sur Le Monde.fr.</title>
      <link>https://www.lemonde.fr/economie/rss_full.xml</link>
    </image>
    <item>
      <link>https://www.lemonde.fr/economie/article/2019/01/22/le-japon-envisage-de-porter-a-70-ans-l-age-legal-de-la-retraite_5412609_3234.html</link>
      <title>Le Japon envisage de porter à 70 ans l’âge légal de la retraite</title>
      <description>L’ambition du gouvernement de Shinzo Abe est de lutter contre la pénurie de main-d’œuvre et l’explosion des coûts de la sécurité sociale.</description>
      <pubDate>Tue, 22 Jan 2019 08:29:06 +0100</pubDate>
      <guid isPermaLink="true">https://www.lemonde.fr/tiny/5412609/</guid>
      <enclosure url="https://s1.lemde.fr/image/2019/01/22/644x322/5412607_3_d0f2_le-premier-ministre-japonais-shinzo-abe-lors_d00bfab62259622b5da390544d34c59b.jpg" type="image/jpeg" length="29239"/>
    </item>
    <item>
      <link>https://www.lemonde.fr/economie/article/2019/01/22/a-davos-les-patrons-broient-du-noir_5412579_3234.html</link>
      <title>A Davos, les patrons broient du noir</title>
      <description>L’incertitude politique, le ralentissement de la croissance et la montée des populismes devraient animer, jusqu’à vendredi, les débats du Forum économique mondial.</description>
      <pubDate>Tue, 22 Jan 2019 06:34:19 +0100</pubDate>
      <guid isPermaLink="true">https://www.lemonde.fr/tiny/5412579/</guid>
      <enclosure url="https://s1.lemde.fr/image/2019/01/22/644x322/5412577_3_fbf5_la-silouhette-d-un-visiteur-avant-l_5a5ca8bf17e4b63029ea4b7a3f36715d.jpg" type="image/jpeg" length="16230"/>
    </item>
    <item>
      <link>https://www.lemonde.fr/economie/article/2019/01/22/travailler-apres-la-retraite-au-japon-une-question-financiere-et-culturelle_5412578_3234.html</link>
      <title>Travailler après la retraite au Japon, une question financière et culturelle</title>
      <description>Dans l’Archipel, l’âge pour toucher sa pension est fixé à 65 ans, mais les entreprises demandent à leurs salariés de partir généralement à 60 ans. Avant de les réembaucher, sous un autre statut moins bien rémunéré.</description>
      <pubDate>Tue, 22 Jan 2019 06:34:10 +0100</pubDate>
      <guid isPermaLink="true">https://www.lemonde.fr/tiny/5412578/</guid>
      <enclosure url="https://s1.lemde.fr/image/2019/01/22/644x322/5412573_3_a99f_2019-01-22-8175f23-nebcm1wfv4y7uj6jwmakjoqg_511046866b0df690a1e41f239339c522.jpg" type="image/jpeg" length="52183"/>
    </item>
    <item>
      <link>https://www.lemonde.fr/idees/article/2019/01/22/au-lieu-de-denigrer-l-initiative-changer-par-le-don-mieux-vaudrait-plus-de-transparence-dans-la-gestion-des-cibles-de-la-philanthropie_5412528_3232.html</link>
      <title>« Au lieu de dénigrer l’initiative  “Changer par le don”, mieux vaudrait plus de transparence dans la gestion des cibles de la philanthropie »</title>
      <description>Dans une tribune au « Monde », l’économiste Eric Chaney estime que l’initiative « Changer par le don », objet d’une mauvaise polémique, est utile au financement de la recherche, de la culture et de la solidarité.</description>
      <pubDate>Tue, 22 Jan 2019 06:30:28 +0100</pubDate>
      <guid isPermaLink="true">https://www.lemonde.fr/tiny/5412528/</guid>
      <enclosure url="https://s1.lemde.fr/image/2019/01/22/644x322/5412519_3_bd90_serge-weinberg-president-du-groupe-sanofi-en_b65a11374e200f0ea568ad4027d0fe62.jpg" type="image/jpeg" length="37977"/>
    </item>
    <item>
      <link>https://www.lemonde.fr/idees/article/2019/01/22/l-heure-des-comptes-aurait-elle-sonne-pour-les-mastodontes-de-la-silicon-valley_5412521_3232.html</link>
      <title>« L’heure des comptes aurait-elle sonné pour les “mastodontes” de la Silicon Valley ? »</title>
      <description>Les appels se multiplient, outre-Atlantique, pour limiter la concentration des pouvoirs dans le secteur des technologies, relate la correspondante du « Monde » à San Francisco, Corine Lesnes, dans sa chronique.</description>
      <pubDate>Tue, 22 Jan 2019 06:30:14 +0100</pubDate>
      <guid isPermaLink="true">https://www.lemonde.fr/tiny/5412521/</guid>
    </item>
    <item>
      <link>https://www.lemonde.fr/economie/article/2019/01/21/transports-en-ile-de-france-le-pass-navigo-sera-a-moitie-prix-pour-les-seniors_5412466_3234.html</link>
      <title>Transports en Ile-de-France : le pass Navigo sera à moitié prix pour les seniors</title>
      <description>Ce demi-tarif s’appliquera à tous les Franciliens de plus de 65 ans, quel que soit leur niveau de revenus.</description>
      <pubDate>Mon, 21 Jan 2019 20:59:15 +0100</pubDate>
      <guid isPermaLink="true">https://www.lemonde.fr/tiny/5412466/</guid>
      <enclosure url="https://s1.lemde.fr/image/2019/01/21/644x322/5412464_3_1229_file-photo-close-up-view-of-dauphine-metro_3e82deb8e18c38d9b19e87d679df30f9.jpg" type="image/jpeg" length="77821"/>
    </item>
    <item>
      <link>https://www.lemonde.fr/les-decodeurs/article/2019/01/21/10yearchallenge-le-smic-la-pauvrete-ou-le-chomage-ont-ils-augmente-ou-baisse-depuis-2009_5412414_4355770.html</link>
      <title>#10YearChallenge : le smic, la pauvreté ou le chômage ont-ils augmenté ou baissé depuis 2009 ?</title>
      <description>Nous avons choisi dix indicateurs français ou mondiaux. A vous de deviner comment ils ont évolué en dix ans.</description>
      <pubDate>Mon, 21 Jan 2019 18:24:17 +0100</pubDate>
      <guid isPermaLink="true">https://www.lemonde.fr/tiny/5412414/</guid>
      <enclosure url="https://s1.lemde.fr/image/2019/01/21/644x322/5412412_3_a7a9_2019-01-21-bb59e8a-hwfzbvp5mwxus6ou60t3qgca_178e14c9f7f9215097a5317af3b651dd.jpg" type="image/jpeg" length="67985"/>
    </item>
    <item>
      <link>https://www.lemonde.fr/pixels/article/2019/01/21/donnees-personnelles-la-cnil-condamne-google-a-une-amende-record-de-50-millions-d-euros_5412337_4408996.html</link>
      <title>Données personnelles : la CNIL condamne Google à une amende record de 50 millions d’euros</title>
      <description>Le gendarme français de la vie privée reproche au géant américain de ne pas informer assez clairement ses utilisateurs.</description>
      <pubDate>Mon, 21 Jan 2019 15:41:57 +0100</pubDate>
      <guid isPermaLink="true">https://www.lemonde.fr/tiny/5412337/</guid>
      <enclosure url="https://s1.lemde.fr/image/2019/01/21/644x322/5412336_3_704a_le-logo-de-la-commisson-nationale-de_519988069e5ad69fae249e086e1b4caf.jpg" type="image/jpeg" length="28611"/>
    </item>
    <item>
      <link>https://www.lemonde.fr/economie/article/2019/01/21/prelevement-a-la-source-pas-d-inquietude-majeure-pour-les-retraites_5412312_3234.html</link>
      <title>Prélèvement à la source : pas d’inquiétude majeure pour les retraités</title>
      <description>Le président de l’Association nationale des retraités, Félix Vézier, fait état, pour « Le Monde », des questionnements des retraités sur le nouveau mode de paiement de l’impôt sur le revenu.</description>
      <pubDate>Mon, 21 Jan 2019 14:10:45 +0100</pubDate>
      <guid isPermaLink="true">https://www.lemonde.fr/tiny/5412312/</guid>
      <enclosure url="https://s1.lemde.fr/image/2019/01/21/644x322/5412311_3_e626_la-revalorisation-des-pensions-de-0-3-av_fc3b18b9939f4f4a857ef6a17ec7fc96.jpg" type="image/jpeg" length="57683"/>
    </item>
    <item>
      <link>https://www.lemonde.fr/economie/article/2019/01/21/la-croissance-mondiale-ralentit-previent-le-fmi_5412307_3234.html</link>
      <title>La croissance mondiale ralentit, prévient le FMI</title>
      <description>Le fonds monétaire international a révisé ses prévisions de croissance à la baisse pour l’économie mondiale et la zone euro.</description>
      <pubDate>Mon, 21 Jan 2019 14:00:42 +0100</pubDate>
      <guid isPermaLink="true">https://www.lemonde.fr/tiny/5412307/</guid>
      <enclosure url="https://s1.lemde.fr/image/2019/01/21/644x322/5412305_3_09fc_a-pedestrian-walks-past-an-electronics-stock_35c7be6f151464d3c6aa1421141b1aa1.jpg" type="image/jpeg" length="46152"/>
    </item>
    <item>
      <link>https://www.lemonde.fr/economie/article/2019/01/21/a-montchanin-les-revendications-des-patrons-de-pme-ne-sont-pas-en-phase-avec-celles-des-gilets-jaunes_5412282_3234.html</link>
      <title>A Montchanin, les revendications des patrons de PME ne sont pas en phase avec celles des « gilets jaunes »</title>
      <description>En Saône-et- Loire, des adhérents à la Confédération des petites et moyennes entreprises expriment leurs doléances. La plupart regrette le Macron conquérant du début de mandat.</description>
      <pubDate>Mon, 21 Jan 2019 12:40:13 +0100</pubDate>
      <guid isPermaLink="true">https://www.lemonde.fr/tiny/5412282/</guid>
      <enclosure url="https://s1.lemde.fr/image/2019/01/21/644x322/5412280_3_c3b1_sur-l-avenue-de-champs-elysees-a-paris-une-bou_b76bcb34f5ed4206fb3269c27c742cb1.jpg" type="image/jpeg" length="60940"/>
    </item>
    <item>
      <link>https://www.lemonde.fr/economie/article/2019/01/21/arrivee-d-un-nouveau-directeur-artistique-bruno-sialelli-chez-lanvin_5412278_3234.html</link>
      <title>Bruno Sialelli nommé directeur artistique de la maison de couture Lanvin</title>
      <description>La plus ancienne maison de couture de l’Hexagone encore en activité connaît de graves difficultés financières depuis le départ, en 2015, de son styliste star Alber Elbaz.</description>
      <pubDate>Mon, 21 Jan 2019 12:16:45 +0100</pubDate>
      <guid isPermaLink="true">https://www.lemonde.fr/tiny/5412278/</guid>
      <enclosure url="https://s1.lemde.fr/image/2019/01/21/644x322/5412277_3_e1ac_un-defile-lanvin-a-paris-en-2018_0409a84549d915ee81df30d632b3bf05.jpg" type="image/jpeg" length="51111"/>
    </item>
    <item>
      <link>https://www.lemonde.fr/economie/article/2019/01/21/macron-promeut-la-france-en-plein-mouvement-des-gilets-jaunes_5412276_3234.html</link>
      <title>A Versailles, Macron promeut la France en plein mouvement des « gilets jaunes »</title>
      <description>Les pouvoirs publics ont convié, lundi, 120 patrons de multinationales et une trentaine de chefs d’entreprises françaises à la deuxième édition du sommet « Choose France ».</description>
      <pubDate>Mon, 21 Jan 2019 12:10:17 +0100</pubDate>
      <guid isPermaLink="true">https://www.lemonde.fr/tiny/5412276/</guid>
      <enclosure url="https://s1.lemde.fr/image/2019/01/21/644x322/5412275_3_2f23_emmanuel-macron-lors-de-choose-grand_1780b612d0b4fd6c3da521527a0cbc81.jpg" type="image/jpeg" length="23922"/>
    </item>
    <item>
      <link>https://www.lemonde.fr/economie/article/2019/01/21/de-davos-a-versailles-du-beau-monde-au-chateau_5412268_3234.html</link>
      <title>« De Davos à Versailles, du beau monde au château »</title>
      <description>Le président de la République reçoit les grands patrons en route vers le forum mondial de Davos. Il veut les convaincre d’investir dans les territoires tout en répondant à la demande de justice sociale. Une exigence désormais planétaire, explique Philippe Escande, éditorialiste économique au « Monde ».</description>
      <pubDate>Mon, 21 Jan 2019 12:00:10 +0100</pubDate>
      <guid isPermaLink="true">https://www.lemonde.fr/tiny/5412268/</guid>
      <enclosure url="https://s1.lemde.fr/image/2019/01/21/644x322/5412267_3_3db1_le-president-de-la-republique-emmanuel-m_d870211281338e7e1ccbcec7c058ca0c.jpg" type="image/jpeg" length="43157"/>
    </item>
    <item>
      <link>https://www.lemonde.fr/economie/article/2019/01/21/free-part-a-l-assaut-du-marche-des-entreprises_5412264_3234.html</link>
      <title>Free part à l’assaut du marché des entreprises</title>
      <description>L’opérateur de télécoms a annoncé, vendredi, le rachat de 75 % du capital de de Jaguar Network, spécialiste des services télécoms aux professionnels. Un créneau lucratif.</description>
      <pubDate>Mon, 21 Jan 2019 11:47:46 +0100</pubDate>
      <guid isPermaLink="true">https://www.lemonde.fr/tiny/5412264/</guid>
      <enclosure url="https://s1.lemde.fr/image/2019/01/21/644x322/5412263_3_3ecd_the-logo-of-free-taken-at-french-telecom-iliad_5997d86e43333a969e20b470e3cc1eca.jpg" type="image/jpeg" length="19649"/>
    </item>
    <item>
      <link>https://www.lemonde.fr/sante/article/2019/01/21/le-proces-du-scandale-de-la-viande-de-cheval-dans-les-plats-pur-b-uf-s-ouvre-a-paris_5412262_1651302.html</link>
      <title>Le procès du scandale de la viande de cheval dans les plats pur bœuf s’est ouvert à Paris</title>
      <description>Deux ex-dirigeants de Spanghero sont accusés d’avoir trompé leurs clients. En 2013, la DGCCRF avait comptabilisé 750 tonnes écoulées dans treize pays.</description>
      <pubDate>Mon, 21 Jan 2019 11:44:28 +0100</pubDate>
      <guid isPermaLink="true">https://www.lemonde.fr/tiny/5412262/</guid>
      <enclosure url="https://s1.lemde.fr/image/2019/01/21/644x322/5412261_3_c755_des-employes-de-la-directions-departementales-d_3d5e1b3c3daf8b530c86ecebb5a58029.jpg" type="image/jpeg" length="64423"/>
    </item>
    <item>
      <link>https://www.lemonde.fr/economie/article/2019/01/21/semaine-noire-pour-qualcomm_5412254_3234.html</link>
      <title>Semaine noire pour Qualcomm</title>
      <description>Dans le procès que lui a intenté l’autorité de la concurrence américaine, la FTC, le géant des semi-conducteurs fait face à la fronde de ses clients, qui contestent ses pratiques commerciales.</description>
      <pubDate>Mon, 21 Jan 2019 11:30:24 +0100</pubDate>
      <guid isPermaLink="true">https://www.lemonde.fr/tiny/5412254/</guid>
      <enclosure url="https://s1.lemde.fr/image/2019/01/21/644x322/5412251_3_1a7e_steve-mollenkopf-le-patron-de-qualcomm-lors_11c61342be48ee27e39f6b64f64bdc28.jpg" type="image/jpeg" length="31150"/>
    </item>
    <item>
      <link>https://www.lemonde.fr/economie/article/2019/01/21/la-croissance-chinoise-au-plus-bas-depuis-trente-ans_5412243_3234.html</link>
      <title>La croissance chinoise au plus bas depuis trente ans</title>
      <description>En 2018, la progression du PIB en Chine n’a été que de 6,6 %. Elle ralenti à chaque trimestre. Pékin compte sur l’investissement public pour relancer la machine.</description>
      <pubDate>Mon, 21 Jan 2019 11:25:21 +0100</pubDate>
      <guid isPermaLink="true">https://www.lemonde.fr/tiny/5412243/</guid>
      <enclosure url="https://s1.lemde.fr/image/2019/01/21/644x322/5412241_3_e607_un-marche-a-pekin-le-20-novembre-2018_44c3d3144c9e5f081b3d6879df23b9ec.jpg" type="image/jpeg" length="51935"/>
    </item>
    <item>
      <link>https://www.lemonde.fr/economie/article/2019/01/21/ginni-rometty-la-pdg-qui-refait-grandir-ibm_5412232_3234.html</link>
      <title>Ginni Rometty, la PDG qui refait grandir IBM</title>
      <description>Entrée chez IBM à 24 ans, Ginni Rometty y a gravi tous les échelons. Pour la dirigeante, qui a transformé le géant informatique, 2019 se présente bien. L’entreprise pourrait publier mardi la première hausse de son chiffre d’affaires en sept ans.</description>
      <pubDate>Mon, 21 Jan 2019 11:19:46 +0100</pubDate>
      <guid isPermaLink="true">https://www.lemonde.fr/tiny/5412232/</guid>
      <enclosure url="https://s1.lemde.fr/image/2019/01/21/644x322/5412230_3_7e2f_la-presidente-et-directrice-generale-d_7eae68dd48c2fc2abf0dfdf49d060404.jpg" type="image/jpeg" length="30660"/>
    </item>
    <item>
      <link>https://www.lemonde.fr/idees/article/2019/01/21/le-droit-americain-est-devenu-une-arme-de-repression-et-de-dissuasion-massives_5412227_3232.html</link>
      <title>« Le droit américain est devenu une arme de répression et de dissuasion massives »</title>
      <description>A l’heure où des PDG du monde entier, et notamment américains, se rendent à Versailles pour le sommet « Choose France », Jean-Michel Bezat, journaliste au « Monde », analyse les effets ravageurs de l’extraterritorialité de la législation des Etats-Unis.</description>
      <pubDate>Mon, 21 Jan 2019 11:14:30 +0100</pubDate>
      <guid isPermaLink="true">https://www.lemonde.fr/tiny/5412227/</guid>
      <enclosure url="https://s1.lemde.fr/image/2019/01/21/644x322/5412226_3_8e80_le-batiment-du-department-of-justice-a-w_38df348c924c04b617cce87be1e10ca9.jpg" type="image/jpeg" length="37589"/>
    </item>
  </channel>
</rss>
