<?xml version='1.0' encoding='UTF-8'?><rss version="2.0" xmlns:dc="http://purl.org/dc/elements/1.1/" xmlns:content="http://purl.org/rss/1.0/modules/content/"><channel><title><![CDATA[Média : Derniers contenus]]></title><link>https://www.journaldunet.com/media/</link><description>M&amp;eacute;dia : Derniers contenus</description><language>fr</language><pubDate>Tue, 22 Jan 2019 09:23:28 +0100</pubDate><lastBuildDate>Tue, 22 Jan 2019 09:23:28 +0100</lastBuildDate><image><url>https://astatic.ccmbg.com/www.journaldunet.com/img/logo_flux_rss.png</url><title><![CDATA[Média : Derniers contenus]]></title><link>https://www.journaldunet.com/media/</link></image><item><title><![CDATA[Profil Médiamétrie : les sites préférés des geeks]]></title><link>https://www.journaldunet.com/media/publishers/1420616-profil-mediametrie-les-sites-preferes-des-geeks-selon-mediametrie/</link><description><![CDATA[<a href="https://www.journaldunet.com/media/publishers/1420616-profil-mediametrie-les-sites-preferes-des-geeks-selon-mediametrie/"><img src="https://img-0.journaldunet.com/0JwLEOrI5r0G1bg7j5sV6UChajw=/1280x/smart/882e0b62ae5f44e59e5394a5736be88b/ccmcms-jdn/11017632.jpg" align="left" hspace="5" vspace="0"></a>PC Astuces, Generation-nt et Tom's hardware sont les trois sites web où la part des geeks dans les audiences est la plus importante, selon une étude exclusive de Médiamétrie//Netratings pour le JDN.]]></description><pubDate>Mon, 21 Jan 2019 16:17:04 +0100</pubDate><guid>https://www.journaldunet.com/media/publishers/1420616-profil-mediametrie-les-sites-preferes-des-geeks-selon-mediametrie/</guid><enclosure url="https://img-0.journaldunet.com/0JwLEOrI5r0G1bg7j5sV6UChajw=/1280x/smart/882e0b62ae5f44e59e5394a5736be88b/ccmcms-jdn/11017632.jpg" type="image/jpeg" length="56677"/><dc:creator></dc:creator></item><item><title><![CDATA[Profil Médiamétrie : les sites préférés des amateurs de podcasts]]></title><link>https://www.journaldunet.com/media/publishers/1420573-quels-sites-frequentent-les-amateurs-de-podcasts/</link><description><![CDATA[<a href="https://www.journaldunet.com/media/publishers/1420573-quels-sites-frequentent-les-amateurs-de-podcasts/"><img src="https://img-0.journaldunet.com/vHUIYifBXi8Y89OCjkkTJCNYjKM=/1280x/smart/5d74cd54b8c64c7c84b6aaf8fe5b9857/ccmcms-jdn/11013324.jpg" align="left" hspace="5" vspace="0"></a>Lesinrocks, Soundcloud et France Culture sont les trois marques où la présence d'auditeurs de podcasts est la plus marquée en France, selon une étude exclusive de Médiamétrie//Netratings  pour le JDN.]]></description><pubDate>Fri, 18 Jan 2019 11:35:42 +0100</pubDate><guid>https://www.journaldunet.com/media/publishers/1420573-quels-sites-frequentent-les-amateurs-de-podcasts/</guid><enclosure url="https://img-0.journaldunet.com/vHUIYifBXi8Y89OCjkkTJCNYjKM=/1280x/smart/5d74cd54b8c64c7c84b6aaf8fe5b9857/ccmcms-jdn/11013324.jpg" type="image/jpeg" length="56677"/><dc:creator></dc:creator></item><item><title><![CDATA[Le spécialiste du cookie sync ID5 veut étendre son emprise hors d'Europe]]></title><link>https://www.journaldunet.com/ebusiness/publicite/1420717-le-specialiste-du-cookie-sync-id5-veut-etendre-son-emprise-hors-d-europe/</link><description><![CDATA[<a href="https://www.journaldunet.com/ebusiness/publicite/1420717-le-specialiste-du-cookie-sync-id5-veut-etendre-son-emprise-hors-d-europe/"><img src="https://img-0.journaldunet.com/NOZ5LlZe3uNmKqcVO_r8Opd2L5M=/1280x/smart/48519e4a71184071a0839b0dad68b454/ccmcms-jdn/11015539.png" align="left" hspace="5" vspace="0"></a>La start-up vient de dépasser le cap du milliard de devices par mois. Elle espère atteindre celui des 10 milliards dans le monde d'ici la fin de l'année.]]></description><pubDate>Thu, 17 Jan 2019 16:57:42 +0100</pubDate><guid>https://www.journaldunet.com/ebusiness/publicite/1420717-le-specialiste-du-cookie-sync-id5-veut-etendre-son-emprise-hors-d-europe/</guid><enclosure url="https://img-0.journaldunet.com/NOZ5LlZe3uNmKqcVO_r8Opd2L5M=/1280x/smart/48519e4a71184071a0839b0dad68b454/ccmcms-jdn/11015539.png" type="image/jpeg" length="47176"/><dc:creator></dc:creator></item><item><title><![CDATA[L'UDA rapproche annonceurs et start-up avec son programme Start-up your brand]]></title><link>https://www.journaldunet.com/ebusiness/publicite/1420671-l-uda-rapproche-annonceurs-et-start-up-avec-son-programme-start-up-your-brand/</link><description><![CDATA[<a href="https://www.journaldunet.com/ebusiness/publicite/1420671-l-uda-rapproche-annonceurs-et-start-up-avec-son-programme-start-up-your-brand/"><img src="https://img-0.journaldunet.com/TFVA4oej7fcKDlVChZxdftx9s9w=/1280x/smart/497de3b11785498c983dbaaf04708ece/ccmcms-jdn/11014676.png" align="left" hspace="5" vspace="0"></a>L'Union des annonceurs accompagne sa troisième promotion de start-up et organise une matinée Open Transfo le 17 janvier dans ses locaux.]]></description><pubDate>Wed, 16 Jan 2019 17:05:15 +0100</pubDate><guid>https://www.journaldunet.com/ebusiness/publicite/1420671-l-uda-rapproche-annonceurs-et-start-up-avec-son-programme-start-up-your-brand/</guid><enclosure url="https://img-0.journaldunet.com/TFVA4oej7fcKDlVChZxdftx9s9w=/1280x/smart/497de3b11785498c983dbaaf04708ece/ccmcms-jdn/11014676.png" type="image/png" length="211186"/><dc:creator></dc:creator></item><item><title><![CDATA[Netflix augmente ses prix aux Etats-Unis]]></title><link>https://www.journaldunet.com/media/publishers/1420149-netflix-series-tarifs-free/</link><description><![CDATA[<a href="https://www.journaldunet.com/media/publishers/1420149-netflix-series-tarifs-free/"><img src="https://img-0.journaldunet.com/wGcxNecRsmb7UOtRnv-vVg5lj2g=/1280x/smart/b6dfd393e3d44db6a9d7b1197b622c14/ccmcms-jdn/11001134.jpg" align="left" hspace="5" vspace="0"></a>La plateforme de vidéos par abonnement vient de rehausser le prix de ses abonnements mensuels de un à deux dollars aux Etats-Unis. La France devrait bientôt suivre.]]></description><pubDate>Wed, 16 Jan 2019 14:10:00 +0100</pubDate><guid>https://www.journaldunet.com/media/publishers/1420149-netflix-series-tarifs-free/</guid><enclosure url="https://img-0.journaldunet.com/wGcxNecRsmb7UOtRnv-vVg5lj2g=/1280x/smart/b6dfd393e3d44db6a9d7b1197b622c14/ccmcms-jdn/11001134.jpg" type="image/jpeg" length="156819"/><dc:creator></dc:creator></item><item><title><![CDATA[Programmatique : les annonceurs français reprennent le contrôle]]></title><link>https://www.journaldunet.com/ebusiness/publicite/1420196-comment-les-annonceurs-francais-reprennent-le-controle-du-programmatique/</link><description><![CDATA[<a href="https://www.journaldunet.com/ebusiness/publicite/1420196-comment-les-annonceurs-francais-reprennent-le-controle-du-programmatique/"><img src="https://img-0.journaldunet.com/VQ7Gk3lKWiFHfRHf7TZB6L0Tu0k=/1280x/smart/97b46b50f00345839f6b92ed1a64af6a/ccmcms-jdn/11013971.jpg" align="left" hspace="5" vspace="0"></a>Quasiment la moitié des 20 plus gros annonceurs programmatiques en France ont pris un siège à leur nom au sein d'un DSP. La plupart optent pour un modèle hybride où le trading desk continue d'opérer leurs achats.]]></description><pubDate>Tue, 15 Jan 2019 16:38:00 +0100</pubDate><guid>https://www.journaldunet.com/ebusiness/publicite/1420196-comment-les-annonceurs-francais-reprennent-le-controle-du-programmatique/</guid><enclosure url="https://img-0.journaldunet.com/VQ7Gk3lKWiFHfRHf7TZB6L0Tu0k=/1280x/smart/97b46b50f00345839f6b92ed1a64af6a/ccmcms-jdn/11013971.jpg" type="image/jpeg" length="41793"/><dc:creator></dc:creator></item><item><title><![CDATA[Pourquoi une vue client à 360 degrés est primordiale pour améliorer l’expérience client]]></title><link>https://www.journaldunet.com/ebusiness/expert/70352/pourquoi-une-vue-client-a-360-degres-est-primordiale-pour-ameliorer-l-experience-client.shtml</link><description><![CDATA[<a href="https://www.journaldunet.com/ebusiness/expert/70352/pourquoi-une-vue-client-a-360-degres-est-primordiale-pour-ameliorer-l-experience-client.shtml"><img src="https://img-0.journaldunet.com/RgTm937VvDAOKZhWyCqmX4qkR88=/1280x/smart/ad21089ef4cb461ea72fa6903a34c05e/user-jdn/10027953-anonyme-anonyme.jpg" align="left" hspace="5" vspace="0"></a>Extraire toute la valeur des données pour avoir une vue à 360 ° du consommateur est désormais essentiel pour les entreprises qui souhaitent personnaliser l’expérience client et être sûres d’offrir le meilleur service au moment le plus opportun.]]></description><pubDate>Mon, 14 Jan 2019 17:09:46 +0100</pubDate><guid>https://www.journaldunet.com/ebusiness/expert/70352/pourquoi-une-vue-client-a-360-degres-est-primordiale-pour-ameliorer-l-experience-client.shtml</guid><enclosure url="https://img-0.journaldunet.com/RgTm937VvDAOKZhWyCqmX4qkR88=/1280x/smart/ad21089ef4cb461ea72fa6903a34c05e/user-jdn/10027953-anonyme-anonyme.jpg" type="image/jpeg" length="160339"/><dc:creator></dc:creator></item><item><title><![CDATA[La 1st party data, booster de performance média]]></title><link>https://www.journaldunet.com/ebusiness/expert/70348/la-1st-party-data--booster-de-performance-media.shtml</link><description><![CDATA[<a href="https://www.journaldunet.com/ebusiness/expert/70348/la-1st-party-data--booster-de-performance-media.shtml"><img src="https://img-0.journaldunet.com/saoVnp4yCt2TGj1zf46v7OpQRRs=/1280x/smart/2454ec96ab11408d8d0f75bada8eb35f/user-jdn/10027944-anonyme-anonyme.jpg" align="left" hspace="5" vspace="0"></a>La volonté des annonceurs d’internaliser leur activité média, notamment le contrôle et l’exploitation de leurs données 1st party est croissante : les marques s’équipent et montent en compétences sur le sujet.]]></description><pubDate>Mon, 14 Jan 2019 14:42:32 +0100</pubDate><guid>https://www.journaldunet.com/ebusiness/expert/70348/la-1st-party-data--booster-de-performance-media.shtml</guid><enclosure url="https://img-0.journaldunet.com/saoVnp4yCt2TGj1zf46v7OpQRRs=/1280x/smart/2454ec96ab11408d8d0f75bada8eb35f/user-jdn/10027944-anonyme-anonyme.jpg" type="image/jpeg" length="84370"/><dc:creator></dc:creator></item><item><title><![CDATA[Avec le GRP shoppers, les régies TV délaissent la ménagère de 50 ans]]></title><link>https://www.journaldunet.com/ebusiness/publicite/1420407-avec-le-grp-shoppers-les-regies-pub-tv-veulent-maximiser-le-roi-des-annonceurs/</link><description><![CDATA[<a href="https://www.journaldunet.com/ebusiness/publicite/1420407-avec-le-grp-shoppers-les-regies-pub-tv-veulent-maximiser-le-roi-des-annonceurs/"><img src="https://img-0.journaldunet.com/dO-3Tw4p_hweSB1KmEDDu16DCAk=/1280x/smart/42bd587511424bbdb984d090e8b41c4b/ccmcms-jdn/11010711.jpg" align="left" hspace="5" vspace="0"></a>TF1 Publicité et FranceTV Publicité veulent sortir du ciblage socio-démo et permettre aux marques de cibler les plus gros acheteurs dans 77 catégories, sur l'essentiel des chaînes gratuites de la TNT.]]></description><pubDate>Fri, 11 Jan 2019 18:42:32 +0100</pubDate><guid>https://www.journaldunet.com/ebusiness/publicite/1420407-avec-le-grp-shoppers-les-regies-pub-tv-veulent-maximiser-le-roi-des-annonceurs/</guid><enclosure url="https://img-0.journaldunet.com/dO-3Tw4p_hweSB1KmEDDu16DCAk=/1280x/smart/42bd587511424bbdb984d090e8b41c4b/ccmcms-jdn/11010711.jpg" type="image/jpeg" length="167704"/><dc:creator></dc:creator></item><item><title><![CDATA[Instagram Graph API post-11 décembre 2018 : nouvelle ère]]></title><link>https://www.journaldunet.com/media/expert/70353/instagram-graph-api-post-11-decembre-2018---nouvelle-ere.shtml</link><description><![CDATA[<a href="https://www.journaldunet.com/media/expert/70353/instagram-graph-api-post-11-decembre-2018---nouvelle-ere.shtml"><img src="https://img-0.journaldunet.com/02hTpxGoC3V2fWRzQJnfjOrYT8A=/1280x/smart/1b8f48f95b20424abc5dc57a7c653f4f/user-jdn/10027634-jean-dussetour.png" align="left" hspace="5" vspace="0"></a>Depuis le 11 décembre 2018 les API Instagram ont changé. Cet événement n’est pas une surprise. Instagram l’avait annoncé en janvier 2018. Les fournisseurs historiques ont tous dû demander de nouvelles autorisations pour continuer à opérer. Les compteurs sont remis à zéro pour 2019.]]></description><pubDate>Thu, 10 Jan 2019 17:56:03 +0100</pubDate><guid>https://www.journaldunet.com/media/expert/70353/instagram-graph-api-post-11-decembre-2018---nouvelle-ere.shtml</guid><enclosure url="https://img-0.journaldunet.com/02hTpxGoC3V2fWRzQJnfjOrYT8A=/1280x/smart/1b8f48f95b20424abc5dc57a7c653f4f/user-jdn/10027634-jean-dussetour.png" type="image/jpeg" length="108198"/><dc:creator></dc:creator></item><item><title><![CDATA[LinkedIn, discret géant de la pub]]></title><link>https://www.journaldunet.com/ebusiness/publicite/1420246-linkedin-discret-geant-de-la-pub/</link><description><![CDATA[<a href="https://www.journaldunet.com/ebusiness/publicite/1420246-linkedin-discret-geant-de-la-pub/"><img src="https://img-0.journaldunet.com/OKt6kLdVABSpbyeJaXnQnreW7Y0=/1280x/smart/e41c59594de2433ba0f077aff005079b/ccmcms-jdn/11003112.jpg" align="left" hspace="5" vspace="0"></a>Le CA publicitaire du réseau social professionnel s'élève déjà à 2 milliards de dollars, grâce à la brand safety et à sa data unique. Mais il reste pénalisé par un reach quotidien relativement faible.]]></description><pubDate>Thu, 10 Jan 2019 16:27:16 +0100</pubDate><guid>https://www.journaldunet.com/ebusiness/publicite/1420246-linkedin-discret-geant-de-la-pub/</guid><enclosure url="https://img-0.journaldunet.com/OKt6kLdVABSpbyeJaXnQnreW7Y0=/1280x/smart/e41c59594de2433ba0f077aff005079b/ccmcms-jdn/11003112.jpg" type="image/jpeg" length="63493"/><dc:creator></dc:creator></item><item><title><![CDATA[Professionnels du marketing digital, candidatez à La Nuit des Rois 2019]]></title><link>https://www.journaldunet.com/ebusiness/crm-marketing/1420327-candidatez-a-la-nuit-des-rois-2019-jusqu-au-30-janvier/</link><description><![CDATA[<a href="https://www.journaldunet.com/ebusiness/crm-marketing/1420327-candidatez-a-la-nuit-des-rois-2019-jusqu-au-30-janvier/"><img src="https://img-0.journaldunet.com/LxEri_MlKtjZECjohZOD2UzhVfc=/1280x/smart/4dab2d7408c9491bb6d41f671fb0d199/ccmcms-jdn/11007735.jpg" align="left" hspace="5" vspace="0"></a>Cette cérémonie de remise de prix aura lieu le 14 mars prochain au pavillon Cambon-Capucines. Annonceurs et agences peuvent postuler dans 7 catégories jusqu'au 30 janvier]]></description><pubDate>Wed, 09 Jan 2019 15:31:50 +0100</pubDate><guid>https://www.journaldunet.com/ebusiness/crm-marketing/1420327-candidatez-a-la-nuit-des-rois-2019-jusqu-au-30-janvier/</guid><enclosure url="https://img-0.journaldunet.com/LxEri_MlKtjZECjohZOD2UzhVfc=/1280x/smart/4dab2d7408c9491bb6d41f671fb0d199/ccmcms-jdn/11007735.jpg" type="image/jpeg" length="128670"/><dc:creator></dc:creator></item><item><title><![CDATA[Achat media online : 3 grands axes pour optimiser ses investissements]]></title><link>https://www.journaldunet.com/ebusiness/expert/70310/achat-media-online---3-grands-axes-pour-optimiser-ses-investissements.shtml</link><description><![CDATA[<a href="https://www.journaldunet.com/ebusiness/expert/70310/achat-media-online---3-grands-axes-pour-optimiser-ses-investissements.shtml"><img src="https://img-0.journaldunet.com/uCglwC6pM1AHhuDKhRhaR7eZFKI=/1280x/smart/4137ab6dda6a4572955f39f5a83f6950/user-jdn/10027811-edward-grospiron.jpg" align="left" hspace="5" vspace="0"></a>Quelques idées et réflexions sur l'évolution de la publicité online en 2019 avec en toile de fond l'émergence de la data publicitaire collectée par de nouveaux acteurs ou encore l'automation appliquée au media digital.]]></description><pubDate>Mon, 07 Jan 2019 13:36:07 +0100</pubDate><guid>https://www.journaldunet.com/ebusiness/expert/70310/achat-media-online---3-grands-axes-pour-optimiser-ses-investissements.shtml</guid><enclosure url="https://img-0.journaldunet.com/uCglwC6pM1AHhuDKhRhaR7eZFKI=/1280x/smart/4137ab6dda6a4572955f39f5a83f6950/user-jdn/10027811-edward-grospiron.jpg" type="image/jpeg" length="144594"/><dc:creator></dc:creator></item><item><title><![CDATA[Un internaute français moyen passe chaque jour 52 minutes sur mobile]]></title><link>https://www.journaldunet.com/media/publishers/1171756-audience-internet-france/</link><description><![CDATA[<a href="https://www.journaldunet.com/media/publishers/1171756-audience-internet-france/"><img src="https://img-0.journaldunet.com/H_jukEwrcdmNbLbsX25HYfgDKoY=/1280x/smart/2cf18842d3dc46429c462c3a3d10b1da/ccmcms-jdn/10991631.jpg" align="left" hspace="5" vspace="0"></a>Ce sont chaque jour 43,5 millions d'internautes qui se sont connectés en moyenne à Internet, selon le dernier baromètre de Médiamétrie//Netratings. Le mobile s'arroge désormais la part du lion.]]></description><pubDate>Mon, 07 Jan 2019 11:51:00 +0100</pubDate><guid>https://www.journaldunet.com/media/publishers/1171756-audience-internet-france/</guid><enclosure url="https://img-0.journaldunet.com/H_jukEwrcdmNbLbsX25HYfgDKoY=/1280x/smart/2cf18842d3dc46429c462c3a3d10b1da/ccmcms-jdn/10991631.jpg" type="image/jpeg" length="80226"/><dc:creator></dc:creator></item><item><title><![CDATA[Collecte, exploitation, sécurité et ouverture … les enjeux de la data en 2019.]]></title><link>https://www.journaldunet.com/ebusiness/expert/70327/collecte--exploitation--securite-et-ouverture---les-enjeux-de-la-data-en-2019.shtml</link><description><![CDATA[<a href="https://www.journaldunet.com/ebusiness/expert/70327/collecte--exploitation--securite-et-ouverture---les-enjeux-de-la-data-en-2019.shtml"><img src="https://img-0.journaldunet.com/D7gswYWiKpmoY-lofNZ61TA6QVo=/1280x/smart/f83810a68f3d4dc3b5347cf38a9672de/user-jdn/10026146-anonyme-anonyme.jpg" align="left" hspace="5" vspace="0"></a>Au cœur des débats qui animent le sujet de la data, on retrouve des problématiques telles que la transparence, l’ouverture et le respect de l’utilisateur. Des sujets qui poussent notre industrie à se réinventer en 2019.]]></description><pubDate>Mon, 07 Jan 2019 11:36:25 +0100</pubDate><guid>https://www.journaldunet.com/ebusiness/expert/70327/collecte--exploitation--securite-et-ouverture---les-enjeux-de-la-data-en-2019.shtml</guid><enclosure url="https://img-0.journaldunet.com/D7gswYWiKpmoY-lofNZ61TA6QVo=/1280x/smart/f83810a68f3d4dc3b5347cf38a9672de/user-jdn/10026146-anonyme-anonyme.jpg" type="image/jpeg" length="112904"/><dc:creator></dc:creator></item><item><title><![CDATA[eNoël, les campagnes les plus performantes en Amérique du Nord]]></title><link>https://www.journaldunet.com/ebusiness/expert/70278/enoel--les-campagnes-les-plus-performantes-en-amerique-du-nord.shtml</link><description><![CDATA[<a href="https://www.journaldunet.com/ebusiness/expert/70278/enoel--les-campagnes-les-plus-performantes-en-amerique-du-nord.shtml"><img src="https://img-0.journaldunet.com/2eM8dUXWB8WESn0WqN11ZEsLuhM=/1280x/smart/de9c394fe0864361887fd41cec068653/user-jdn/10026991-anonyme-anonyme.jpg" align="left" hspace="5" vspace="0"></a>Cette année les traditionnelles emplettes de Noël se feront essentiellement en ligne. Dans ce contexte, il est essentiel de mettre en place des campagnes marketing ciblées et d’activer tous les leviers d’engagement et de conversion. Voici un aperçu des campagnes les plus performantes en Amérique du Nord, où le shopping est roi, afin de partager les meilleures pratiques.]]></description><pubDate>Thu, 20 Dec 2018 10:48:15 +0100</pubDate><guid>https://www.journaldunet.com/ebusiness/expert/70278/enoel--les-campagnes-les-plus-performantes-en-amerique-du-nord.shtml</guid><enclosure url="https://img-0.journaldunet.com/2eM8dUXWB8WESn0WqN11ZEsLuhM=/1280x/smart/de9c394fe0864361887fd41cec068653/user-jdn/10026991-anonyme-anonyme.jpg" type="image/jpeg" length="84313"/><dc:creator></dc:creator></item><item><title><![CDATA[Investissements médias : 5 grandes tendances à suivre en 2019]]></title><link>https://www.journaldunet.com/ebusiness/expert/70267/investissements-medias---5-grandes-tendances-a-suivre-en-2019.shtml</link><description><![CDATA[<a href="https://www.journaldunet.com/ebusiness/expert/70267/investissements-medias---5-grandes-tendances-a-suivre-en-2019.shtml"><img src="https://img-0.journaldunet.com/GpPnW7GbF3WgztEa3wXxzsPDlpg=/1280x/smart/36a58558903042abb8565a00b79fa7e8/user-jdn/10027710-anonyme-anonyme.jpg" align="left" hspace="5" vspace="0"></a>Le secteur des agences et le marché des médias sont aujourd’hui en pleine transformation technologique. 2019 ne dérogera pas à la règle.]]></description><pubDate>Thu, 20 Dec 2018 10:28:16 +0100</pubDate><guid>https://www.journaldunet.com/ebusiness/expert/70267/investissements-medias---5-grandes-tendances-a-suivre-en-2019.shtml</guid><enclosure url="https://img-0.journaldunet.com/GpPnW7GbF3WgztEa3wXxzsPDlpg=/1280x/smart/36a58558903042abb8565a00b79fa7e8/user-jdn/10027710-anonyme-anonyme.jpg" type="image/jpeg" length="114053"/><dc:creator></dc:creator></item><item><title><![CDATA[Comprendre les lois et réglementations sur le mailing en masse]]></title><link>https://www.journaldunet.com/ebusiness/expert/70256/comprendre-les-lois-et-reglementations-sur-le-mailing-en-masse.shtml</link><description><![CDATA[<a href="https://www.journaldunet.com/ebusiness/expert/70256/comprendre-les-lois-et-reglementations-sur-le-mailing-en-masse.shtml"><img src="https://img-0.journaldunet.com/jDKSUoQJtVAFYNrrsmkJOwh3j4k=/1280x/smart/5c1fd505ae094518881f44d9d7979dfc/user-jdn/10027682-anonyme-anonyme.png" align="left" hspace="5" vspace="0"></a>Le mailing est l’un des canaux de marketing les plus efficaces actuellement. Mais avant de commencer à envoyer des campagnes, il est important de bien comprendre les lois en vigueur dans le domaine du marketing en masse]]></description><pubDate>Thu, 20 Dec 2018 08:09:21 +0100</pubDate><guid>https://www.journaldunet.com/ebusiness/expert/70256/comprendre-les-lois-et-reglementations-sur-le-mailing-en-masse.shtml</guid><enclosure url="https://img-0.journaldunet.com/jDKSUoQJtVAFYNrrsmkJOwh3j4k=/1280x/smart/5c1fd505ae094518881f44d9d7979dfc/user-jdn/10027682-anonyme-anonyme.png" type="image/jpeg" length="44974"/><dc:creator></dc:creator></item><item><title><![CDATA[Info JDN : le spécialiste de la data science Dataiku lève 101 millions de dollars]]></title><link>https://www.journaldunet.com/ebusiness/crm-marketing/1420104-info-jdn-le-specialiste-de-la-data-science-dataiku-leve-100-millions-de-dollars/</link><description><![CDATA[<a href="https://www.journaldunet.com/ebusiness/crm-marketing/1420104-info-jdn-le-specialiste-de-la-data-science-dataiku-leve-100-millions-de-dollars/"><img src="https://img-0.journaldunet.com/gKmG8AaH7yTEz_u0u-fFLAhYfAg=/1280x/smart/8dce697ea9cc4aeebd3c405710c3a576/ccmcms-jdn/11000194.png" align="left" hspace="5" vspace="0"></a>La start-up qui veut faciliter l'accès des entreprises aux projets data science a séduit l'un des fonds phares de la Silicon Valley, Iconiq Capital. Sa valorisation avoisinerait les 700 millions de dollars.]]></description><pubDate>Wed, 19 Dec 2018 14:24:36 +0100</pubDate><guid>https://www.journaldunet.com/ebusiness/crm-marketing/1420104-info-jdn-le-specialiste-de-la-data-science-dataiku-leve-100-millions-de-dollars/</guid><enclosure url="https://img-0.journaldunet.com/gKmG8AaH7yTEz_u0u-fFLAhYfAg=/1280x/smart/8dce697ea9cc4aeebd3c405710c3a576/ccmcms-jdn/11000194.png" type="image/jpeg" length="90570"/><dc:creator></dc:creator></item><item><title><![CDATA[Chatbots : un dialogue bien engagé entre professionnels et consommateurs]]></title><link>https://www.journaldunet.com/ebusiness/crm-marketing/1420122-chatbots-professionnels-et-consommateurs-un-dialogue-bien-engage/</link><description><![CDATA[<a href="https://www.journaldunet.com/ebusiness/crm-marketing/1420122-chatbots-professionnels-et-consommateurs-un-dialogue-bien-engage/"><img src="https://img-0.journaldunet.com/GNS_tUh7bRa2i3tGpjkKfew9-jk=/1280x/smart/032b4cd67193497fb23c9b2b3e024fc1/ccmcms-jdn/11001011.jpg" align="left" hspace="5" vspace="0"></a>Au premier semestre 2018, le marché mondial des chatbots pesait 250 millions de dollars selon Global Market Insights. Sur quel type de service ? Et avec quel taux d'implémentation ? Infographie.]]></description><pubDate>Tue, 18 Dec 2018 15:11:22 +0100</pubDate><guid>https://www.journaldunet.com/ebusiness/crm-marketing/1420122-chatbots-professionnels-et-consommateurs-un-dialogue-bien-engage/</guid><enclosure url="https://img-0.journaldunet.com/GNS_tUh7bRa2i3tGpjkKfew9-jk=/1280x/smart/032b4cd67193497fb23c9b2b3e024fc1/ccmcms-jdn/11001011.jpg" type="image/jpeg" length="189529"/><dc:creator></dc:creator></item><item><title><![CDATA[L'intelligence artificielle révolutionne la relation client]]></title><link>https://www.journaldunet.com/ebusiness/crm-marketing/1420071-l-intelligence-artificielle-revolutionne-la-relation-client/</link><description><![CDATA[<a href="https://www.journaldunet.com/ebusiness/crm-marketing/1420071-l-intelligence-artificielle-revolutionne-la-relation-client/"><img src="https://img-0.journaldunet.com/H2RizPD7W9i_Zw9vqBiz4E9iA64=/1280x/smart/7d92932a396b44bd9d5e464955471044/ccmcms-jdn/10999142.jpg" align="left" hspace="5" vspace="0"></a>Deviner les envies, prédire les comportements, désamorcer les conflits… L'IA modifie le rapport au client, en particulier dans les grands groupes.]]></description><pubDate>Tue, 18 Dec 2018 15:02:18 +0100</pubDate><guid>https://www.journaldunet.com/ebusiness/crm-marketing/1420071-l-intelligence-artificielle-revolutionne-la-relation-client/</guid><enclosure url="https://img-0.journaldunet.com/H2RizPD7W9i_Zw9vqBiz4E9iA64=/1280x/smart/7d92932a396b44bd9d5e464955471044/ccmcms-jdn/10999142.jpg" type="image/jpeg" length="70877"/><dc:creator></dc:creator></item><item><title><![CDATA[Oscar, le téléconseiller hyperactif d'Oscaro]]></title><link>https://www.journaldunet.com/ebusiness/crm-marketing/1420132-oscar-le-teleconseiller-hyperactif-d-oscaro/</link><description><![CDATA[<a href="https://www.journaldunet.com/ebusiness/crm-marketing/1420132-oscar-le-teleconseiller-hyperactif-d-oscaro/"><img src="https://img-0.journaldunet.com/8QAEpZfgkvPVvc4x55LeluTlodQ=/1280x/smart/16aa670a0f624c689b4d2915e7d3f9a3/ccmcms-jdn/11000601.png" align="left" hspace="5" vspace="0"></a>Ce bot développé par la start-up française Xbrain se substitue aux agents humains pour les requêtes clients les plus fastidieuses.]]></description><pubDate>Tue, 18 Dec 2018 14:58:20 +0100</pubDate><guid>https://www.journaldunet.com/ebusiness/crm-marketing/1420132-oscar-le-teleconseiller-hyperactif-d-oscaro/</guid><enclosure url="https://img-0.journaldunet.com/8QAEpZfgkvPVvc4x55LeluTlodQ=/1280x/smart/16aa670a0f624c689b4d2915e7d3f9a3/ccmcms-jdn/11000601.png" type="image/jpeg" length="89143"/><dc:creator></dc:creator></item><item><title><![CDATA[Profession, dresseur de bots]]></title><link>https://www.journaldunet.com/ebusiness/crm-marketing/1420134-profession-dresseur-de-bots/</link><description><![CDATA[<a href="https://www.journaldunet.com/ebusiness/crm-marketing/1420134-profession-dresseur-de-bots/"><img src="https://img-0.journaldunet.com/m7SCT0p-avwrFNzd9VJQYKbDUgc=/1280x/smart/2edd7a0317d041ec84b091b3459f997f/ccmcms-jdn/11000608.jpg" align="left" hspace="5" vspace="0"></a>Pour former leurs agents conversationnels, les entreprises ont besoin de touche-à-tout digitaux, capables de manier les datas comme de comprendre les impératifs de marque.]]></description><pubDate>Tue, 18 Dec 2018 14:52:55 +0100</pubDate><guid>https://www.journaldunet.com/ebusiness/crm-marketing/1420134-profession-dresseur-de-bots/</guid><enclosure url="https://img-0.journaldunet.com/m7SCT0p-avwrFNzd9VJQYKbDUgc=/1280x/smart/2edd7a0317d041ec84b091b3459f997f/ccmcms-jdn/11000608.jpg" type="image/jpeg" length="135463"/><dc:creator></dc:creator></item><item><title><![CDATA[Le français Adschain veut mettre la blockchain au service de l'adtech]]></title><link>https://www.journaldunet.com/ebusiness/publicite/1420045-le-consortium-francais-adschain-veut-mettre-la-blockchain-au-service-de-l-adtech/</link><description><![CDATA[<a href="https://www.journaldunet.com/ebusiness/publicite/1420045-le-consortium-francais-adschain-veut-mettre-la-blockchain-au-service-de-l-adtech/"><img src="https://img-0.journaldunet.com/MajvsPRisbPOlUz2rVe8roxSruc=/1280x/smart/2933bd2f965442f888f3e4533a8ac1df/ccmcms-jdn/10998779.jpg" align="left" hspace="5" vspace="0"></a>Ce consortium réunit toutes les parties de la chaîne de valeur programmatique (agence, DSP, SSP et éditeurs). Il propose un registre commun pour savoir qui travaille avec qui.]]></description><pubDate>Fri, 14 Dec 2018 17:04:31 +0100</pubDate><guid>https://www.journaldunet.com/ebusiness/publicite/1420045-le-consortium-francais-adschain-veut-mettre-la-blockchain-au-service-de-l-adtech/</guid><enclosure url="https://img-0.journaldunet.com/MajvsPRisbPOlUz2rVe8roxSruc=/1280x/smart/2933bd2f965442f888f3e4533a8ac1df/ccmcms-jdn/10998779.jpg" type="image/jpeg" length="92306"/><dc:creator></dc:creator></item><item><title><![CDATA[Ben Silbermann (Pinterest) : "Notre priorité est de développer notre offre publicitaire à l'international"]]></title><link>https://www.journaldunet.com/ebusiness/publicite/1419721-ben-silbermann-pinterest/</link><description><![CDATA[<a href="https://www.journaldunet.com/ebusiness/publicite/1419721-ben-silbermann-pinterest/"><img src="https://img-0.journaldunet.com/VXs36P0J82luJYQ7BByp2gVCJe0=/1280x/smart/e53a403bc8234b7ebcc5e548af85a3c8/ccmcms-jdn/10997164.jpg" align="left" hspace="5" vspace="0"></a>Le cofondateur de Pinterest revient sur le lancement des épingles sponsorisées en France et détaille les chantiers de sa plateforme.]]></description><pubDate>Wed, 12 Dec 2018 15:07:10 +0100</pubDate><guid>https://www.journaldunet.com/ebusiness/publicite/1419721-ben-silbermann-pinterest/</guid><enclosure url="https://img-0.journaldunet.com/VXs36P0J82luJYQ7BByp2gVCJe0=/1280x/smart/e53a403bc8234b7ebcc5e548af85a3c8/ccmcms-jdn/10997164.jpg" type="image/jpeg" length="197858"/><dc:creator></dc:creator></item><item><title><![CDATA[AdTech : 5 tendances à suivre de près en 2019]]></title><link>https://www.journaldunet.com/ebusiness/expert/70236/adtech---5-tendances-a-suivre-de-pres-en-2019.shtml</link><description><![CDATA[<a href="https://www.journaldunet.com/ebusiness/expert/70236/adtech---5-tendances-a-suivre-de-pres-en-2019.shtml"><img src="https://img-0.journaldunet.com/Vc-3pvTWZon6lU1bErTMHPJbOrk=/1280x/smart/1442e22a0b824ff59711b14ca3a6b732/user-jdn/10027629-anonyme-anonyme.jpg" align="left" hspace="5" vspace="0"></a>Si 2018 fut une année marquée par de fortes transitions dans le secteur adtech, 2019 ne sera pas en reste. Découvrez les cinq grandes tendances qui marqueront l'année.]]></description><pubDate>Tue, 11 Dec 2018 17:59:33 +0100</pubDate><guid>https://www.journaldunet.com/ebusiness/expert/70236/adtech---5-tendances-a-suivre-de-pres-en-2019.shtml</guid><enclosure url="https://img-0.journaldunet.com/Vc-3pvTWZon6lU1bErTMHPJbOrk=/1280x/smart/1442e22a0b824ff59711b14ca3a6b732/user-jdn/10027629-anonyme-anonyme.jpg" type="image/jpeg" length="123583"/><dc:creator></dc:creator></item><item><title><![CDATA[Soundcast, premier SSP audio français, tente de s'imposer face au géant Adswizz]]></title><link>https://www.journaldunet.com/ebusiness/publicite/1419787-soundcast-le-premier-ssp-audio-francais/</link><description><![CDATA[<a href="https://www.journaldunet.com/ebusiness/publicite/1419787-soundcast-le-premier-ssp-audio-francais/"><img src="https://img-0.journaldunet.com/1bCvXedvnriiHW7kXib6IluXPuI=/1280x/smart/5843af29755e48cf9b87ae81c516a359/ccmcms-jdn/10996413.png" align="left" hspace="5" vspace="0"></a>Fondée par un ancien de France TV Pub et un ex-Publicis, la start-up propose d'aider les éditeurs à mieux monétiser leur inventaire audio digital.]]></description><pubDate>Tue, 11 Dec 2018 16:35:47 +0100</pubDate><guid>https://www.journaldunet.com/ebusiness/publicite/1419787-soundcast-le-premier-ssp-audio-francais/</guid><enclosure url="https://img-0.journaldunet.com/1bCvXedvnriiHW7kXib6IluXPuI=/1280x/smart/5843af29755e48cf9b87ae81c516a359/ccmcms-jdn/10996413.png" type="image/jpeg" length="214345"/><dc:creator></dc:creator></item><item><title><![CDATA[Transformation numérique des entreprises : comment s’y retrouver dans la jungle des martechs ?]]></title><link>https://www.journaldunet.com/ebusiness/expert/70225/transformation-numerique-des-entreprises---comment-s-y-retrouver-dans-la-jungle-des-martechs.shtml</link><description><![CDATA[<a href="https://www.journaldunet.com/ebusiness/expert/70225/transformation-numerique-des-entreprises---comment-s-y-retrouver-dans-la-jungle-des-martechs.shtml"><img src="https://img-0.journaldunet.com/st2insbfEcdcX9bd9M3y7qEGLro=/1280x/smart/ff28745f2ed5485baffb7039338f1d86/user-jdn/10027586-anonyme-anonyme.jpg" align="left" hspace="5" vspace="0"></a>Le nombre de solutions marketing Saas, les martech, ont explosé en l'espace d'une dizaine d'années. Dans ce grand flou, les directions marketing et informatique sont confrontées à de nouveaux enjeux, pour comprendre et s'adapter.]]></description><pubDate>Mon, 10 Dec 2018 17:13:29 +0100</pubDate><guid>https://www.journaldunet.com/ebusiness/expert/70225/transformation-numerique-des-entreprises---comment-s-y-retrouver-dans-la-jungle-des-martechs.shtml</guid><enclosure url="https://img-0.journaldunet.com/st2insbfEcdcX9bd9M3y7qEGLro=/1280x/smart/ff28745f2ed5485baffb7039338f1d86/user-jdn/10027586-anonyme-anonyme.jpg" type="image/jpeg" length="110168"/><dc:creator></dc:creator></item><item><title><![CDATA[Mathias Moulin (Cnil) : "La Cnil n'a pas à être prescriptrice sur le sujet du RGPD mais à s'assurer du respect de la loi"]]></title><link>https://www.journaldunet.com/ebusiness/crm-marketing/1419637-la-cnil-n-a-pas-a-etre-prescriptrice-sur-le-sujet-du-rgpd-mais-a-s-assurer-du-respect-de-la-loi/</link><description><![CDATA[<a href="https://www.journaldunet.com/ebusiness/crm-marketing/1419637-la-cnil-n-a-pas-a-etre-prescriptrice-sur-le-sujet-du-rgpd-mais-a-s-assurer-du-respect-de-la-loi/"><img src="https://img-0.journaldunet.com/e2NdwGiYtKwQ-aU2IXi0_x88aSo=/1280x/smart/61b93efc80344f7987006e137189e264/ccmcms-jdn/10994767.jpg" align="left" hspace="5" vspace="0"></a>Le directeur de la protection des droits et des sanctions de la Cnil revient sur la vague de mises en demeure publiques envoyées au cours des derniers mois à l'encontre de 4 spécialistes de la géolocalisation.]]></description><pubDate>Mon, 10 Dec 2018 08:47:22 +0100</pubDate><guid>https://www.journaldunet.com/ebusiness/crm-marketing/1419637-la-cnil-n-a-pas-a-etre-prescriptrice-sur-le-sujet-du-rgpd-mais-a-s-assurer-du-respect-de-la-loi/</guid><enclosure url="https://img-0.journaldunet.com/e2NdwGiYtKwQ-aU2IXi0_x88aSo=/1280x/smart/61b93efc80344f7987006e137189e264/ccmcms-jdn/10994767.jpg" type="image/jpeg" length="114341"/><dc:creator></dc:creator></item><item><title><![CDATA[Darine Fayed (Mailjet) : "95% du non-respect du RGPD provient de défaillances humaines"]]></title><link>https://www.journaldunet.com/ebusiness/crm-marketing/1419573-darine-fayed-mailjet/</link><description><![CDATA[<a href="https://www.journaldunet.com/ebusiness/crm-marketing/1419573-darine-fayed-mailjet/"><img src="https://img-0.journaldunet.com/TEzxIgZeXjvBTG2b97Ts04VzCLw=/1280x/smart/809cee8150c0439985b0d1a2f2d8f369/ccmcms-jdn/10994008.jpg" align="left" hspace="5" vspace="0"></a>Alors que la Nuit du data protection officer approche, la DPO du spécialiste français de l'emailing fait le point sur ses chantiers.]]></description><pubDate>Thu, 06 Dec 2018 15:35:35 +0100</pubDate><guid>https://www.journaldunet.com/ebusiness/crm-marketing/1419573-darine-fayed-mailjet/</guid><enclosure url="https://img-0.journaldunet.com/TEzxIgZeXjvBTG2b97Ts04VzCLw=/1280x/smart/809cee8150c0439985b0d1a2f2d8f369/ccmcms-jdn/10994008.jpg" type="image/jpeg" length="80390"/><dc:creator>Henri Bessières</dc:creator></item></channel></rss>